Año,Trimestre,Indicador,Categoria,Estado,Valor,Agregacion
2012,2,i47,a,0,0,N
2012,2,i47,b,0,0,N
2012,2,i47,c,0,0,N
2012,3,i47,a,0,0,N
2012,3,i47,b,0,0,N
2012,3,i47,c,0,0,N
2012,4,i47,a,0,0,N
2012,4,i47,b,0,0,N
2012,4,i47,c,0,0,N
2013,1,i47,a,0,0,N
2013,1,i47,b,0,0,N
2013,1,i47,c,0,0,N
2013,2,i47,a,0,0,N
2013,2,i47,b,0,0,N
2013,2,i47,c,0,0,N
2013,3,i47,a,0,0,N
2013,3,i47,b,0,0,N
2013,3,i47,c,0,0,N
2013,4,i47,a,0,0,N
2013,4,i47,b,0,0,N
2013,4,i47,c,0,0,N
2014,1,i47,a,0,0,N
2014,1,i47,b,0,0,N
2014,1,i47,c,0,0,N
2014,2,i47,a,0,1000,N
2014,2,i47,b,0,1000,N
2014,2,i47,c,0,0,N
2014,3,i47,a,0,57443.45,N
2014,3,i47,b,0,13176.3076923077,N
2014,3,i47,c,0,78757.2592592593,N
2014,4,i47,a,0,75014.4841269841,N
2014,4,i47,b,0,13986.6666666667,N
2014,4,i47,c,0,100972.311212815,N
2015,1,i47,a,0,59026.9935819994,N
2015,1,i47,b,0,11220.8333333333,N
2015,1,i47,c,0,70299.4985119047,N
2015,2,i47,a,0,24938.1343459964,N
2015,2,i47,b,0,23953.9721946375,N
2015,2,i47,c,0,25109.7778295296,N
2015,3,i47,a,0,21618.4516961755,N
2015,3,i47,b,0,21668.3333333333,N
2015,3,i47,c,0,21606.7299413307,N
2015,4,i47,a,0,31699.0048056845,N
2015,4,i47,b,0,31618.3008658009,N
2015,4,i47,c,0,31395.3972046385,N
2016,1,i47,a,0,55059.5385131613,N
2016,1,i47,b,0,82186.3095238096,N
2016,1,i47,c,0,45090.1681581246,N
2016,2,i47,a,0,31989.9823367959,N
2016,2,i47,b,0,28543.7234918841,N
2016,2,i47,c,0,33188.3808765058,N
2016,3,i47,a,0,24309.5604516287,N
2016,3,i47,b,0,19445.6481620405,N
2016,3,i47,c,0,26602.1208120152,N
2016,4,i47,a,0,48107.6117859536,N
2016,4,i47,b,0,48913.1042010751,N
2016,4,i47,c,0,47738.2589042164,N
2017,1,i47,a,0,35952.5029719844,N
2017,1,i47,b,0,38841.2783094098,N
2017,1,i47,c,0,33446.3264958225,N
2017,2,i47,a,0,20816.4551099749,N
2017,2,i47,b,0,19555.0363715194,N
2017,2,i47,c,0,21485.3648839297,N
